provinsi,jumlah_pt,pt_akreditasi_puncak,persen_akreditasi_puncak,jumlah_lulusan,lulusan_stem,lulusan_perempuan,persen_lulusan_stem,persen_lulusan_perempuan,jumlah_dosen,dosen_senior,dosen_tanpa_jabatan,persen_dosen_senior,persen_tanpa_jabatan,dosen_basis_sertifikasi,dosen_bersertifikasi,persen_dosen_bersertifikasi,skor_kesiapan,rank_lulusan_stem,rank_pt_akreditasi_puncak,rank_dosen_senior,rank_dosen_bersertifikasi,jumlah_gap,prioritas
Papua,72,0,0.0,15342,3829,9188,24.96,59.89,511,39,125,7.63,24.46,511,201,39.33,16.18,28,26,28,25,4,Prioritas
Kalimantan Utara,12,0,0.0,4104,913,2961,22.25,72.15,84,2,23,2.38,27.38,84,41,48.81,18.38,34,26,34,34,4,Prioritas
Banten,126,5,3.97,153271,21354,99831,13.93,65.13,1607,157,413,9.77,25.7,1607,735,45.74,26.47,9,10,11,9,4,Prioritas
Kalimantan Tengah,30,0,0.0,13721,2439,9170,17.78,66.83,331,45,71,13.6,21.45,331,164,49.55,27.21,29,26,27,28,4,Prioritas
Nusa Tenggara Timur,72,1,1.39,38936,9969,25657,25.6,65.9,750,66,160,8.8,21.33,750,355,47.33,27.94,17,21,23,16,4,Prioritas
Nusa Tenggara Barat,81,3,3.7,64464,9744,40507,15.12,62.84,974,103,205,10.57,21.05,974,507,52.05,32.35,18,13,17,14,4,Prioritas
Sulawesi Barat,27,0,0.0,6412,2035,4311,31.74,67.23,202,3,59,1.49,29.21,202,58,28.71,23.53,33,26,33,33,3,Prioritas
Bangka Belitung,14,0,0.0,4086,2118,2450,51.84,59.96,190,7,53,3.68,27.89,190,82,43.16,34.56,32,26,32,32,3,Prioritas
Kepulauan Riau,41,1,2.44,12560,4012,8068,31.94,64.24,354,17,88,4.8,24.86,354,160,45.2,37.13,27,21,31,29,3,Prioritas
Papua Barat,27,0,0.0,5251,2243,3279,42.72,62.45,243,27,59,11.11,24.28,243,102,41.98,37.5,30,26,30,31,3,Prioritas
Maluku Utara,23,0,0.0,10525,2129,7669,20.23,72.86,285,36,57,12.63,20.0,285,160,56.14,39.71,31,26,29,29,3,Prioritas
Maluku,33,0,0.0,18493,4200,12608,22.71,68.18,418,63,90,15.07,21.53,418,219,52.39,40.44,25,26,24,24,3,Prioritas
Sulawesi Tenggara,53,0,0.0,30830,9204,20938,29.85,67.91,597,83,88,13.9,14.74,597,299,50.08,42.65,20,26,20,20,3,Prioritas
Kalimantan Selatan,55,2,3.64,41012,10697,26843,26.08,65.45,680,106,198,15.59,29.12,680,311,45.74,44.12,16,16,16,18,3,Prioritas
Lampung,83,2,2.41,48167,15391,30652,31.95,63.64,1025,119,247,11.61,24.1,1025,471,45.95,44.85,13,16,13,15,3,Prioritas
Sumatera Selatan,90,5,5.56,56468,16033,37805,28.39,66.95,1024,111,243,10.84,23.73,1024,534,52.15,50.74,11,10,15,13,3,Prioritas
Kalimantan Timur,52,2,3.85,26413,10917,16517,41.33,62.53,627,87,166,13.88,26.48,627,270,43.06,52.21,15,16,19,23,3,Prioritas
Aceh,102,2,1.96,63004,17225,43302,27.34,68.73,1244,181,241,14.55,19.37,1244,662,53.22,52.94,10,16,10,10,3,Prioritas
Jawa Timur,469,34,7.25,384823,100535,245926,26.12,63.91,5812,818,1317,14.07,22.66,5812,3040,52.31,58.09,1,2,1,1,3,Prioritas
Jambi,46,2,4.35,29650,8457,20466,28.52,69.03,592,88,106,14.86,17.91,592,280,47.3,52.21,21,16,18,21,2,Perlu perhatian
Kalimantan Barat,63,1,1.59,31951,9278,20393,29.04,63.83,558,77,109,13.8,19.53,558,305,54.66,53.68,19,21,22,19,2,Perlu perhatian
Sumatera Utara,244,13,5.33,142234,43084,99757,30.29,70.14,2413,295,455,12.23,18.86,2413,1278,52.96,58.82,6,6,7,7,2,Perlu perhatian
Riau,75,4,5.33,49160,15777,32825,32.09,66.77,993,112,222,11.28,22.36,993,535,53.88,65.44,12,12,14,12,2,Perlu perhatian
D.K.I. Jakarta,272,35,12.87,205326,66752,121647,32.51,59.25,4120,594,859,14.42,20.85,4120,2085,50.61,71.32,4,1,4,3,2,Perlu perhatian
Gorontalo,13,1,7.69,23953,4101,17308,17.12,72.26,315,55,70,17.46,22.22,315,167,53.02,61.76,26,21,26,27,1,Relatif kuat
Bengkulu,23,3,13.04,25090,5734,17478,22.85,69.66,349,59,60,16.91,17.19,349,189,54.15,69.85,24,13,25,26,1,Relatif kuat
Jawa Barat,495,33,6.67,289638,92609,177702,31.97,61.35,5201,801,1044,15.4,20.07,5201,2647,50.89,69.85,2,3,2,2,1,Relatif kuat
Sulawesi Utara,60,3,5.0,24974,7729,17425,30.95,69.77,649,126,158,19.41,24.35,649,343,52.85,71.32,22,13,12,17,1,Relatif kuat
Sulawesi Tengah,41,1,2.44,23187,7560,15928,32.6,68.69,504,82,114,16.27,22.62,504,279,55.36,73.9,23,21,21,22,1,Relatif kuat
Sulawesi Selatan,180,7,3.89,134479,41782,89913,31.07,66.86,2407,446,384,18.53,15.95,2407,1332,55.34,74.26,7,8,5,5,1,Relatif kuat
Jawa Tengah,301,30,9.97,277776,75266,185212,27.1,66.68,3625,611,704,16.86,19.42,3625,2068,57.05,75.0,3,4,3,4,1,Relatif kuat
Bali,63,9,14.29,57531,13822,36513,24.03,63.47,1091,226,206,20.71,18.88,1091,651,59.67,78.68,14,7,9,11,1,Relatif kuat
Sumatera Barat,106,7,6.6,86458,23652,59907,27.36,69.29,1256,282,191,22.45,15.21,1256,819,65.21,79.41,8,8,8,8,1,Relatif kuat
D.I. Yogyakarta,124,15,12.1,148425,43370,94257,29.22,63.5,1947,445,233,22.86,11.97,1947,1284,65.95,87.5,5,5,6,6,0,Relatif kuat
